Year,Subject,avg_IndATAR,avg_Gap,avg_ModeratedHSCScore,avg_ScaledScore,count_students
2007,Aboriginal Studies,45.83190717222222,2.8667358014000004,75.66666666666667,18.692945326555556,9
2007,Ancient History,49.650314736086955,-3.461241807,65.73913043478261,20.375189785652175,23
2007,Biology,63.53971213285714,3.1828970629409095,72.71428571428571,26.050289052857146,28
2007,Business Services Exam,49.43292848466667,4.86366461436,70.66666666666667,20.172192012266667,15
2007,Business Studies,53.9158184625,-1.5742837571142856,68.1875,21.88739559375,16
2007,Chemistry,76.33482542714286,9.704273245,75.28571428571429,32.20551120571429,7
2007,Community & Family Studies,42.616336759375,-1.5006253343,72.8125,17.482659313750002,16
2007,Construction Exam,49.98953415,1.3881222749999995,75.4,20.323939394,5
2007,Design & Technology,46.77422748111111,-0.7526862364999998,70.88888888888889,19.178018277777777,9
2007,Engineering Studies,62.47568716333333,-1.0082827603333333,73.66666666666667,25.245238096666668,3
2007,English Advanced,61.23516335516129,-5.603456580364286,73.2258064516129,24.766267280967742,31
2007,English Standard,41.508857553199995,-5.270719703687083,65.24,17.0560000002,50
2007,Food Technology,47.702516299375,-1.5575069712363636,69.625,19.641100229875,16
2007,Geography,75.51679654875001,10.32630461125,82.375,30.531111111250002,8
2007,Hospitality Exam,51.649363986000004,6.165190549625,69.8,20.880000000000003,5
2007,Information & Digital Technology Exam,40.51462139,-6.9843981802,68.33333333333333,16.702469135555557,9
2007,Information Processes & Technology,50.987044717,2.1763172471285714,73.9,20.954837717,10
2007,Legal Studies,57.701238110000006,1.24602251425,71.2,23.467545455,10
2007,Mathematics Advanced,63.690871640000005,-7.630165349014285,65.42857142857143,25.958212339142857,14
2007,Mathematics Extension 1,80.29468294666667,-5.7668205388,64.0,33.17669082,3
2007,Mathematics Standard 2,55.58682572674419,2.5772977623379307,72.27906976744185,22.593962832325584,43
2007,Modern History,58.347919742500004,-2.078405872333333,70.25,23.64132353,4
2007,Music 1,46.2847753375,-12.630039281533334,73.625,18.8758928575,8
2007,PDH&PE,61.152833728,1.7545811471764705,73.9,25.07548717965,20
2007,Physics,70.7508728575,3.6614800049857146,70.625,29.0699027175,8
2007,Society & Culture,43.930001788,-3.8602165646000004,62.7,17.9370454544,10
2007,Textiles & Design,37.806743133333335,-8.18305626275,70.22222222222223,15.571048511111112,9
2007,Visual Arts,37.54332904333333,-11.488878597500001,71.77777777777777,15.438814814444445,9
2008,Ancient History,43.74635592076923,-4.271935213241666,63.15384615384615,17.934432233076922,13
2008,Biology,53.389293386285715,4.426138930058824,66.08571428571429,21.73655844142857,35
2008,Business Services Exam,33.198729863,-7.927162183666667,66.4,13.5514651743,10
2008,Business Studies,42.129950987,2.566671948362857,64.4,17.278692309,10
2008,Chemistry,57.309361138999996,3.0004674145,59.8,23.255074628,10
2008,Community & Family Studies,51.709112895789474,3.0398106120166664,77.0,21.08449248126316,19
2008,Construction Exam,33.814025767,-2.602627052,68.0,13.7399393943,10
2008,Drama,44.022422577142855,-1.8953290887999998,71.57142857142857,18.071330722857144,7
2008,Engineering Studies,46.8877902475,4.2426043005,63.0,19.087846485,4
2008,English Advanced,55.66436403448276,-0.1791181162400001,71.75862068965517,22.809824759310345,29
2008,English Extension 1,86.82504927333333,10.055209441,79.33333333333333,36.06111111,3
2008,English Extension 2,93.97239264,6.332658798,88.0,39.74,1
2008,English Standard,37.612098908125,-0.24014880428076923,62.479166666666664,15.364236111708331,48
2008,Food Technology,37.36719746789474,-4.72928765165,68.47368421052632,15.245083296263159,19
2008,Geography,43.91021630714285,-4.211014761828571,62.42857142857143,17.92765527857143,7
2008,Hospitality Exam,30.96469304875,-3.2761830510000003,63.125,12.726958955,8
2008,Information & Digital Technology Exam,37.721163903749996,0.5280116487800001,69.1875,15.50316542375,16
2008,Legal Studies,48.376861708571425,-0.030558465657143024,68.28571428571429,19.67049486428571,7
2008,Mathematics Advanced,44.51325894375,-15.696570925,51.5,18.176470589,8
2008,Mathematics Extension 1,49.03789776,-16.4611156,40.0,20.16438356,1
2008,Mathematics Standard 2,39.318649838490565,-3.6972365261078948,63.132075471698116,16.08041329735849,53
2008,Modern History,56.750605534444446,2.3674515954285718,71.88888888888889,23.012430136666666,9
2008,Music 1,37.45688543,-12.7227964235,69.0,15.284362934285713,7
2008,PDH&PE,45.121343153999995,-0.6583156175315787,64.44,18.3927673984,25
2008,Physics,68.44108076333333,12.666121530333333,69.0,27.642350746666665,3
2008,Senior Science,34.51618568888889,-0.7652402831400004,68.88888888888889,14.193055555555555,9
2008,Society & Culture,70.84333055,4.009119357333334,78.71428571428571,28.73774725285714,7
2008,Visual Arts,56.662968451666664,-6.050482449,79.66666666666667,23.025219298333337,6
2009,Aboriginal Studies,38.442629196666665,3.6142066526666667,76.16666666666667,14.838672969833333,6
2009,Ancient History,54.092750871999996,0.23922012792000005,68.3,20.912299145,10
2009,Biology,56.646869934444446,2.074140465282353,66.55555555555556,21.938888888888886,18
2009,Business Services Exam,42.09565301833333,4.063917307333333,69.66666666666667,16.279253731166666,6
2009,Business Studies,50.74306675761905,-5.341479973126316,70.38095238095238,19.647030155714287,21
2009,Community & Family Studies,47.56288526,4.574876558333333,70.46666666666667,18.514458874933332,15
2009,Construction Exam,27.023390296363633,-11.82307005,63.18181818181818,10.433333332727273,11
2009,Design & Technology,42.84093660333334,-5.044516368416667,68.66666666666667,16.53236714888889,9
2009,Drama,47.451180132000005,-5.722605119724999,69.2,18.302301586,5
2009,Engineering Studies,49.79988067,-3.2754080306,67.4,19.222173914000003,5
2009,English Advanced,62.30022324225806,3.9819239868,72.83870967741936,24.245806451612903,31
2009,English Extension 1,79.03573176,4.676572431,68.0,31.07222222,2
2009,English Extension 2,85.4379562,11.83029414,76.0,34.24,1
2009,English Standard,35.659353697407404,-8.49026200988182,59.96296296296296,13.77037037037037,54
2009,Food Technology,46.06122197,-4.416315563428571,68.1,17.797542016900003,10
2009,Geography,46.61629902777778,-1.234748733,64.44444444444444,17.990713102222223,9
2009,Hospitality Exam,33.219184387272726,-2.000711595,65.45454545454545,12.829249010909091,11
2009,Information & Digital Technology Exam,42.94882749833334,,67.83333333333333,16.581153846666666,6
2009,Legal Studies,43.713867875000005,-3.6302931889999996,62.666666666666664,16.87878787833333,6
2009,Mathematics Standard 2,49.407340965806455,0.2685602872319151,66.79032258064517,19.11237281735484,62
2009,Modern History,60.577888870833334,0.925518577927273,73.5,23.392857143333334,12
2009,Music 1,46.770539764999995,-9.655338063950001,77.0,18.0526666675,4
2009,PDH&PE,50.21002052357143,1.179131246287059,65.53571428571429,19.598324611428573,28
2009,Physics,55.47343481,4.025714907,59.57142857142857,21.415351814285714,7
2009,Retail Services Exam,34.79693794,-7.2471784835,69.85714285714286,13.433706004142858,7
2009,Senior Science,50.012829822499995,3.5105402000714285,74.4,19.3350357155,20
2009,Textiles & Design,38.966671595,-31.30236488,67.0,15.048928570000001,2
2009,Visual Arts,43.2804863625,-0.20629111224999996,74.41666666666667,16.703611111666667,12
2010,Ancient History,50.135747275,6.406133436599999,64.75,19.39250000125,8
2010,Biology,54.367908010399994,1.9566071815639998,63.32,21.109045454400004,25
2010,Business Services Exam,34.36559406833333,4.327814937,68.33333333333333,13.223880596666667,6
2010,Business Studies,46.64866503636363,1.0831384769,67.18181818181819,18.023582843636362,11
2010,Chemistry,70.70842301833333,4.5351819097,67.66666666666667,28.208496730000004,6
2010,Community & Family Studies,45.463814864074074,1.2377919733999998,69.62962962962963,17.784225589814813,27
2010,Design & Technology,47.276573467999995,11.212008034,72.8,18.421809524,5
2010,Drama,41.03970769625,2.911430886833333,64.875,15.79172535375,8
2010,Engineering Studies,54.34965391888889,-5.881114861114285,69.66666666666667,21.034761904444444,9
2010,English Advanced,57.46898826172414,1.4476894142296297,71.3103448275862,22.306527093793104,29
2010,English Standard,30.53443573111111,-4.512765801327059,55.266666666666666,11.7511496716,45
2010,Food Technology,27.637667009285714,-5.6818761554,52.142857142857146,10.642837359642858,14
2010,Hospitality Exam,29.326551828000003,-7.408047540666666,62.2,11.2848571428,5
2010,Industrial Technology,28.819531365714287,-12.810983341250001,62.0,11.117097505857144,7
2010,Information & Digital Technology Exam,55.967717366,-1.0112937414999998,74.4,21.815930736000002,5
2010,Legal Studies,40.769351668333336,-0.9468013364000001,54.083333333333336,15.780243845000001,12
2010,Mathematics Advanced,58.18961375400001,-4.542917597600001,61.6,22.606285714000002,5
2010,Mathematics Extension 1,72.35864371333334,0.8414187113333332,58.666666666666664,28.983423423333335,3
2010,Mathematics Extension 2,90.68747121,3.357970348,69.0,37.41923077,1
2010,Mathematics Standard 2,41.39678565297297,-3.850768193660714,64.94594594594595,15.992495173783784,37
2010,Modern History,39.827214368,3.7075558573749996,53.6,15.325070422,5
2010,Music 1,43.03266694,2.2563499950000003,75.85714285714286,16.55847619,7
2010,PDH&PE,40.72032669722222,-4.0476924808,64.83333333333333,15.712826797222224,18
2010,Physics,72.85068100000001,9.024977187,73.0,29.12257353,4
2010,Retail Services Exam,37.204123014000004,2.2069557955,70.8,14.5280252099,10
2010,Society & Culture,49.616170738,-0.8807343064000002,68.4,19.45051948,5
2010,Visual Arts,49.78116865,1.2585845009999999,75.6,19.334594594000002,5
2011,Ancient History,52.59653338909091,6.40651701175,68.18181818181819,20.425508935454545,11
2011,Automotive Exam,55.93283582,,80.0,21.675,1
2011,Biology,66.148641093125,4.800010045125,71.625,26.076570511875,16
2011,Business Services Exam,41.65292148888889,5.7140123035,68.44444444444444,16.22769230777778,9
2011,Business Studies,54.333145675625,1.1089165678928572,68.3125,21.209469697,16
2011,Chemistry,73.98650635199999,3.294685416,71.8,29.282091506,5
2011,Community & Family Studies,50.312543964444444,8.494280796966667,73.55555555555556,20.187795150333333,9
2011,Construction Exam,51.44759545,4.739100572166667,71.57142857142857,20.08904762,7
2011,Design & Technology,43.66925064,0.4608467690000002,72.33333333333333,16.899999996666665,3
2011,Drama,49.029830474166666,-3.338210647055556,73.5,19.030654760833333,12
2011,Electrotechnology Exam,25.887721925,-3.8834975080000005,50.5,10.0185483855,2
2011,Engineering Studies,47.9024167825,5.157403589199999,66.0,18.538235295,4
2011,English Advanced,59.89923610518518,-3.0794216651346153,72.14814814814815,23.570967924444446,27
2011,English Extension 1,89.96363636,0.2540259745,82.0,37.1,1
2011,English Standard,35.25969447714286,-4.495805781186957,58.66233766233766,13.656286122441557,77
2011,Entertainment Industry Exam,42.06803067,10.5853509,62.5,16.28032787,2
2011,Food Technology,35.480662146875,-1.2084264408166667,64.3125,13.740702266875001,16
2011,History Extension,57.61925667,3.674058072,50.0,22.35294118,1
2011,Hospitality Exam,35.467720899999996,1.0453342239999999,68.83333333333333,13.726328501666666,6
2011,Industrial Technology,29.63833261466667,-7.107333730125,63.86666666666667,11.470034722000001,15
2011,Information & Digital Technology Exam,48.011359544444446,7.7005019794828575,78.55555555555556,18.83919753111111,9
2011,Information Processes & Technology,44.055798855,-0.3758166923333333,65.07142857142857,17.21324262985714,14
2011,Legal Studies,41.37389500555556,-1.561268479285714,58.111111111111114,16.168422700833332,18
2011,Mathematics Advanced,60.831264295714284,-4.464775614442857,63.714285714285715,23.93202388857143,7
2011,Mathematics Extension 1,84.93515694,13.90021157,70.0,34.33783784,1
2011,Mathematics Extension 2,72.21548289,1.180537523,54.0,28.36708861,1
2011,Mathematics Standard 2,42.466927,-3.8958535122829825,63.06153846153846,16.605765095138462,65
2011,Modern History,54.091757125,6.815826511454546,65.85714285714286,21.060411119142856,14
2011,Music 1,57.11337092,14.076182076399999,78.85714285714286,22.591333332857143,7
2011,PDH&PE,48.98184838434782,-1.2827426191111109,67.65217391304348,19.15364481956522,23
2011,Physics,75.91615429800001,11.7490190578,74.4,30.237142858,5
2011,Primary Industries Exam,28.85443584,,70.0,11.16666667,1
2011,Retail Services Exam,20.149972133333332,-8.113984157,64.66666666666667,7.798039215666666,6
2011,Senior Science,47.684042764285714,3.318015235909091,76.42857142857143,18.71982130857143,14
2011,Society & Culture,50.208541801,-5.307046737896666,70.3,19.463070362,10
2011,Software Design & Development,45.447568569,2.457805248622222,60.5,17.617916666,10
2011,Textiles & Design,42.955438112857145,-5.2105326232,64.71428571428571,16.6684968,7
2011,Visual Arts,53.0241861947619,-1.0641620360214286,75.9047619047619,20.777301587619046,21
2012,Ancient History,46.091525176666664,-3.3001941776500003,59.166666666666664,17.613131313333334,6
2012,Biology,61.7994403456,7.894809641621739,68.6,24.1774805192,25
2012,Business Services Exam,35.3898350025,0.7572614196000005,66.75,13.676587302375,16
2012,Business Studies,39.27618738769231,-4.8699399200146996,58.76923076923077,14.994412552,13
2012,Chemistry,80.5102698675,9.2550538305,75.75,32.5703022875,4
2012,Community & Family Studies,48.35768412666666,2.567081451,73.46666666666667,18.749850746333333,15
2012,Construction Exam,30.682977857777775,15.481333435,62.77777777777778,11.748219832666667,9
2012,Dance,41.10699398,-7.988921726,68.66666666666667,15.661764706666666,3
2012,Design & Technology,35.26671842,-6.495555849666666,66.25,13.436619717500001,4
2012,Drama,44.130161995,0.6468045985181816,68.44444444444444,16.83950617222222,18
2012,Electrotechnology Exam,47.24409449,,71.0,18.0,1
2012,English Advanced,49.7768134788,-6.5421583741875,69.76,19.0528056204,25
2012,English Extension 1,71.13216373,10.96146576,66.0,27.78947368,1
2012,English Extension 2,77.52628325,17.35558528,68.0,30.69714286,1
2012,English Standard,36.0475993704878,-6.948521100418572,60.53658536585366,13.735404885609757,41
2012,Entertainment Industry Exam,57.63480392,-2.620418451,71.0,22.025,1
2012,Food Technology,43.32637708642857,-0.6524463938888891,69.85714285714286,16.540686872000002,14
2012,Hospitality Exam,40.65527512944445,4.190735570671428,70.88888888888889,15.561949620055556,18
2012,Human Services Exam,50.95760757333333,-1.0232962673333337,74.0,19.86,3
2012,Industrial Technology,38.205505838571426,4.840402371500001,68.14285714285714,14.759821427857144,14
2012,Information Processes & Technology,41.489907318,-0.4321231506790002,64.8,15.834146825,10
2012,Legal Studies,41.20628537692308,-2.538083244411111,57.92307692307692,15.752698047692308,13
2012,Mathematics Advanced,59.982390519999996,2.2214134634444442,64.88888888888889,23.215123456666667,9
2012,Mathematics Extension 1,66.279609325,-6.387410074,54.0,25.686486485,2
2012,Mathematics Standard 2,40.51494486913043,-4.1985318551125,60.69565217391305,15.558432678782609,46
2012,Music 1,49.018422532857144,4.49778261975,76.42857142857143,18.965809524285714,7
2012,PDH&PE,50.68491340181818,2.9420789865773336,67.36363636363636,19.57145979009091,22
2012,Physics,66.57923335333334,7.822487254888888,66.55555555555556,25.983641316666663,9
2012,Primary Industries Exam,27.87589051,,71.5,10.620714285,2
2012,Retail Services Exam,38.319047668888885,28.34963804,70.55555555555556,14.865017118222223,9
2012,Senior Science,39.44911222333334,0.81941928712,71.66666666666667,15.321051198083333,12
2012,Textiles & Design,29.662489373750002,1.2339635722,59.0,11.301408451,8
2012,Visual Arts,43.889373569285716,-3.6419932726555553,74.71428571428571,16.781476190714283,14
2013,Ancient History,75.81236921,5.233361621,80.33333333333333,30.227777776666667,3
2013,Automotive Exam,75.3062678,3.495615405,84.0,29.93333333,1
2013,Biology,56.54041241136363,2.9574907083714286,68.36363636363636,22.09456047681818,22
2013,Business Services Exam,51.28157474888889,5.754954521166667,72.44444444444444,20.00000000111111,9
2013,Business Studies,46.804841665,-0.9465653040117646,66.65384615384616,18.03437742769231,26
2013,Chemistry,76.071948288,4.23794788114,75.2,30.882753624000003,5
2013,Community & Family Studies,41.821037511111115,-1.1503668164555554,69.96296296296296,16.18056213614815,27
2013,Construction Exam,31.698191859999998,-5.49644779625,68.5,12.158742559333334,6
2013,Dance,45.21693675,-14.02591333,72.0,17.3,2
2013,Design & Technology,41.55545984125,2.5312728418666666,69.875,15.950117370000001,8
2013,Drama,55.09141594444444,1.6324438228599998,74.55555555555556,21.460207231111113,9
2013,Electrotechnology Exam,53.061962431999994,2.4335612699199998,74.0,20.474,5
2013,English Advanced,59.769202224,-3.8446218175866664,70.86666666666666,23.509021857999997,15
2013,English Standard,43.3214983332,-3.9746926074826923,63.72,16.629244444133334,75
2013,Food Technology,59.56078818666666,8.495079368199999,75.33333333333333,23.206060606666668,6
2013,German Beginners,33.45140476,-12.03454327,49.0,12.79850746,1
2013,Hospitality Exam,49.819259468,4.385562745,76.2,19.22,5
2013,Human Services Exam,65.33185841,4.996513003,77.0,25.5,1
2013,Industrial Technology,30.982801199032256,-10.261883131131578,66.3225806451613,11.872664650032258,31
2013,Information & Digital Technology Exam,52.89207243,7.0419462962857144,77.0,20.68842203511111,9
2013,Information Processes & Technology,53.225466342000004,-0.05252546239999996,74.8,20.681666666,10
2013,Legal Studies,47.168699754166674,-4.98416089042,65.5,18.113432835833333,12
2013,Mathematics Advanced,58.603477021818186,-3.4039773493136365,60.18181818181818,23.07948051909091,11
2013,Mathematics Extension 1,87.86792453,-7.312107336,74.0,36.0,1
2013,Mathematics Standard 2,48.43990772576923,0.620260552427907,64.63461538461539,18.727988400576923,52
2013,Metal & Engineering Exam,52.925,,73.0,20.3,1
2013,Modern History,51.00337354333333,3.59595524135,67.33333333333333,19.703579811666668,6
2013,Music 1,52.425,6.939051976,81.0,20.1,1
2013,PDH&PE,50.96624533095238,-1.3037160017764706,67.71428571428571,19.829667422857142,21
2013,Physics,67.71714063375,6.489282811675,68.75,26.81737013125,8
2013,Retail Services Exam,22.985370878571427,-12.621657918333334,67.85714285714286,8.794202898142858,7
2013,Senior Science,63.07081286142857,9.991416764692307,81.57142857142857,24.778265306428573,14
2013,Society & Culture,44.28390945388889,-2.2944382220869235,68.22222222222223,17.124387994444444,18
2013,Software Design & Development,50.7983932075,-1.5084495085454543,69.33333333333333,19.656929638333335,12
2013,Visual Arts,48.134731495384614,-2.758761109109091,76.0,18.61219681153846,13
2014,Aboriginal Studies,31.46392838,-18.47112516,70.0,11.95,1
2014,Ancient History,51.869785409090916,-1.63661169469,67.72727272727273,19.979289772727274,11
2014,Biology,55.98042823243243,5.191998696969445,64.62162162162163,21.716146916216218,37
2014,Business Services Exam,35.979835051428566,-0.9284812109250002,66.28571428571429,13.816593406571428,7
2014,Business Studies,49.49950792695652,-1.379321431236842,68.6086956521739,19.032167326086956,23
2014,Chemistry,65.41261626444445,4.8591754912222225,68.11111111111111,25.585238094444446,9
2014,Community & Family Studies,40.49505366166667,-2.9130161616130437,70.6,15.557426470633335,30
2014,Construction Exam,36.774858005,-5.4725031135,72.5,14.110058043666667,6
2014,Design & Technology,36.620777855,-6.254034486,67.0,13.90857143,2
2014,Drama,44.19756603625,-1.4988054778333335,71.125,16.85451389,8
2014,English Advanced,59.286232244062504,1.3344979835225808,72.25,22.9912500003125,32
2014,English Extension 1,76.138158605,-0.3397731775,73.0,30.22948718,2
2014,English Extension 2,79.39739947000001,2.9194676824999997,71.0,31.794285715,2
2014,English Standard,38.18036316491228,-3.9592403817660418,62.31578947368421,14.50439710385965,57
2014,Food Technology,26.4815852875,-7.2210415345,58.5,10.057706092,8
2014,Geography,44.226256665,-0.08247697462499981,60.083333333333336,16.957828282666664,12
2014,Hospitality Exam,46.404974493333334,2.686387159666667,72.77777777777777,17.94363929111111,9
2014,Human Services Exam,49.007811125,3.6770198365000004,73.0,18.736666665,2
2014,Industrial Technology,35.55671777777778,-8.958799567160002,69.05555555555556,13.613271604833335,18
2014,Legal Studies,51.83530477,-0.046318645943750014,67.17647058823529,19.89290552529412,17
2014,Mathematics Advanced,50.16711017764706,-11.73137705915294,55.94117647058823,19.23045930629412,17
2014,Mathematics Extension 1,64.410918245,2.289388492,52.0,25.156756755,2
2014,Mathematics Standard 2,42.467969881320755,-1.9804020898469388,61.301886792452834,16.25622641509434,53
2014,Modern History,39.092829551,-0.8433421869666667,53.6,14.871857142300001,10
2014,Music 1,60.092640394,10.663181121266666,83.6,23.313809526,5
2014,PDH&PE,45.23000898075,0.33295991751562504,66.0,17.372149621,40
2014,Physics,62.411376156,7.45283725826,64.9,24.251492537,10
2014,Primary Industries Exam,59.07582938,2.151658768,80.0,22.8,1
2014,Retail Services Exam,39.42104034125,5.7985310210000005,70.0,15.224348958750001,8
2014,Senior Science,40.27228727074074,1.9996323441750001,70.5925925925926,15.419130098888889,27
2014,Society & Culture,50.78162911333333,3.3261130891833335,72.33333333333333,19.773075788666667,15
2014,Tourism Travel & Events Exam,57.8436019,-7.472066307,78.0,22.28,1
2014,Visual Arts,43.93030667,-2.5236346787941177,73.41666666666667,16.855698249583334,24
2015,Ancient History,44.40238685642857,-5.4744008408000004,60.285714285714285,17.09453125,14
2015,Automotive Exam,71.24624624,12.08109473,82.0,28.03333333,1
2015,Biology,53.813505752903225,2.5244996471172416,63.064516129032256,20.818425179032257,31
2015,Business Services Exam,34.183907112,-8.9219132,69.2,13.1197835492,5
2015,Business Studies,43.59931500384615,0.15428141341666665,65.46153846153847,16.866103342307692,13
2015,Chemistry,61.0373910575,5.279291413575,64.625,23.60217391375,8
2015,Community & Family Studies,35.36054711571428,-5.9432066112875,64.78571428571429,13.725664812071429,14
2015,Construction Exam,28.415435523333333,,69.16666666666667,10.905844154333332,6
2015,Dance,62.03936433,4.3896251785,79.5,24.86,2
2015,Drama,39.039947222857144,-5.3783692281799995,68.71428571428571,14.983531744285713,7
2015,English Advanced,50.30136004967742,-3.5839842093580643,67.03225806451613,19.48295872387097,31
2015,English Standard,42.909434444,-1.8688925360244446,64.22,16.5233333328,50
2015,Food Technology,38.0293377175,2.1543817433520003,65.375,14.684612518,8
2015,Geography,46.51653485714286,-1.06415031755,61.714285714285715,17.963203461428574,7
2015,Hospitality Exam,49.42494086666667,5.5048958674,75.83333333333333,19.145591786666667,6
2015,Industrial Technology,51.1947332005,6.189524893329412,75.0,19.839791667,20
2015,Information & Digital Technology Exam,54.15637816,4.78739856525,73.88888888888889,20.89273631888889,9
2015,Information Processes & Technology,52.237858980000006,2.9371651814999997,73.36363636363636,20.21031745909091,11
2015,Legal Studies,45.61609947833333,-0.4732887311666665,65.0,17.514842455,6
2015,Mathematics Advanced,40.3608441525,-13.668395952325,44.375,15.500856163875,16
2015,Mathematics Extension 1,37.18152754,-10.44578906,30.0,14.27027027,1
2015,Mathematics Standard 2,43.55350070375,-4.266839662619231,62.25,16.782912172589285,56
2015,Modern History,60.513326042222225,4.273446211555555,72.33333333333333,23.82509930111111,9
2015,Music 1,40.39787806384615,-2.2898811221818183,75.61538461538461,15.540013495384615,13
2015,PDH&PE,52.352616057666665,1.7654001037892857,70.2,20.363042929333336,30
2015,Physics,58.261269257777776,4.491592920772223,62.888888888888886,22.513977731111112,9
2015,Primary Industries Exam,23.41384023625,-11.078190565,54.75,8.986231883999999,4
2015,Retail Services Exam,34.655585856,,70.8,13.3008138522,5
2015,Senior Science,48.85685274266667,5.142398645936001,72.7,18.975659722666666,30
2015,Society & Culture,40.45342437666667,0.9175386982285714,65.0,15.54552469088889,9
2015,Software Design & Development,55.04651390714286,2.2874043166285714,72.28571428571429,21.257823128571427,7
2015,Textiles & Design,38.23003179166667,-5.3137402041,68.0,14.677846245,6
2015,Visual Arts,40.65664277142857,-4.265558367400001,74.33333333333333,15.611604461904763,21
2016,Ancient History,52.383566783000006,2.354792278875,67.4,20.302968254,10
2016,Biology,54.82366093441176,1.5954858187521874,67.05882352941177,21.166518122941177,34
2016,Business Services Exam,45.05770373166666,6.4937266135,73.0,17.465833333333332,6
2016,Business Studies,44.838280284,-0.6393686122954545,64.6,17.2683636364,25
2016,Chemistry,60.396890435833335,1.1648124378333333,64.41666666666667,23.3393719825,12
2016,Community & Family Studies,38.72610674928571,-1.9188431945714286,68.32142857142857,14.954997681214286,28
2016,Construction Exam,48.60827215333333,14.39205899,75.0,18.735882352999997,6
2016,Drama,38.700583423333335,-11.017256279636364,69.41666666666667,14.814583335,12
2016,Earth & Environmental Science,50.47815314307692,2.589989434018182,68.6923076923077,19.559357060923077,13
2016,Electrotechnology Exam,50.41025641,12.26548582,73.0,19.3,1
2016,English Advanced,54.52669050939394,-2.00083505026,70.48484848484848,21.298036615454546,33
2016,English Extension 1,80.48582996,0.3112530090000001,80.0,32.3,2
2016,English Extension 2,80.13157895,7.450985653,72.0,32.125,1
2016,English Standard,39.0952894345098,-4.931928083465218,63.05882352941177,14.985474439999999,51
2016,Geography,52.34796032142857,4.1791718488,67.57142857142857,20.34406762714286,7
2016,Hospitality Exam,49.6798776,13.83366634,74.0,19.241071429999998,2
2016,Human Services Exam,36.187156834999996,-4.213299488966666,66.75,13.99230769225,4
2016,Industrial Technology,37.55753043538462,1.1435984719999999,63.38461538461539,14.583792209692309,13
2016,Information & Digital Technology Exam,59.619147915,6.7221758825,77.5,23.183333335,2
2016,Information Processes & Technology,44.92545448888889,2.0862897555,68.88888888888889,17.22358134888889,9
2016,Italian Beginners,67.99539171,-8.096479386,77.0,26.64,1
2016,Legal Studies,45.05712859230769,0.8347640654166666,62.92307692307692,17.334445702307693,13
2016,Mathematics Advanced,53.55599075875,-4.6069819364999995,56.875,20.676396105000002,8
2016,Mathematics Extension 1,60.518452465,6.2530341037,47.75,23.74236111,4
2016,Mathematics Extension 2,46.423711663333336,-7.092891083333335,32.333333333333336,18.149777777666667,3
2016,Mathematics Standard 2,43.00536123532258,-4.1472093116314,61.274193548387096,16.51790322580645,62
2016,Metal & Engineering Exam,72.43303571,,81.0,28.6,1
2016,Modern History,56.281375004615384,3.760209021623077,68.92307692307692,21.895733677692306,13
2016,Music 1,59.492683928571424,14.7661398525,84.0,23.282653061428572,7
2016,PDH&PE,43.934013210434784,2.4042731227166665,63.26086956521739,16.888611110869565,23
2016,Physics,62.13892722571428,5.535214516714285,64.85714285714286,24.132900432857145,7
2016,Primary Industries Exam,37.870074824999996,9.525918535999999,72.5,14.524918301833333,6
2016,Retail Services Exam,44.1171980525,-3.638268459,74.0,16.9475,4
2016,Senior Science,41.02566829935484,0.21009356243846153,70.70967741935483,15.772243620354839,31
2016,Society & Culture,65.15083223454545,2.734619662681818,80.0909090909091,26.56699103636364,11
2016,Visual Arts,43.31118861423077,-4.78820796745,74.6923076923077,16.690232401923076,26
2017,Aboriginal Studies,17.783129782666666,,62.666666666666664,6.4730592410000005,3
2017,Ancient History,59.238363415555554,0.96679672287875,71.11111111111111,22.64409972777778,9
2017,Biology,54.98229356416667,2.693822855490476,66.58333333333333,20.832839966250003,24
2017,Business Services Exam,44.97958944125,1.5911988330500002,75.0,16.61279762125,8
2017,Business Studies,44.91251956466667,-3.350008031171428,62.8,16.6389562272,15
2017,Chemistry,61.21435926363636,3.2881986413454545,61.90909090909091,23.334922759090908,11
2017,Community & Family Studies,36.75876957705882,1.86126407822637,63.529411764705884,13.690588235294118,17
2017,Construction Exam,41.34583567888889,,72.44444444444444,15.772904040444445,9
2017,Dance,36.06532357,-6.034711319,68.0,13.12777778,1
2017,Design & Technology,34.614894035,-9.711753392666667,64.5,12.599821428333334,6
2017,Drama,49.3701763125,1.5693973865,72.5,18.5211309525,4
2017,Electrotechnology Exam,75.16877637,15.52475967,81.0,29.7,1
2017,English Advanced,61.99667486928571,-1.9446352012857138,74.57142857142857,23.913265305000003,14
2017,English Extension 1,71.04643191000001,5.124023642,67.33333333333333,27.796581196666665,3
2017,English Extension 2,71.68463332666666,5.762225055333334,64.66666666666667,28.083809523333333,3
2017,English Standard,40.85301308645833,-1.879447251202326,62.666666666666664,15.004575893125,48
2017,Geography,50.94974008125,-0.9696657316000001,67.375,19.140679348749998,8
2017,Hospitality Exam,61.794420326666675,11.7125790125,78.0,23.69619047666667,3
2017,Human Services Exam,35.1979798825,4.992541214,65.25,12.81206467625,4
2017,Industrial Technology,33.98265859241379,-8.5929120423,62.275862068965516,12.467869341827587,29
2017,Information & Digital Technology Exam,40.82509925142857,-1.8802435729166664,69.85714285714286,15.151395065714285,7
2017,Legal Studies,45.302091729999994,-1.5978002655,65.14285714285714,16.52857142857143,7
2017,Mathematics Advanced,69.31175376,-4.4723882673999995,71.4,27.046441557999998,5
2017,Mathematics Extension 1,78.91685569666667,5.289136749333333,66.0,31.483783783333333,3
2017,Mathematics Standard 2,37.69765725442308,-4.201929945813809,55.25,13.872978250903847,52
2017,Modern History,65.17020021166667,3.7846717938333327,75.33333333333333,25.462804233333333,6
2017,Music 1,49.208770506363635,4.805261579714285,76.36363636363636,18.98994490336364,11
2017,PDH&PE,43.12676172615385,2.3973853340966667,62.0,15.924151403846155,13
2017,Physics,71.30152497521739,3.919684016666667,71.43478260869566,28.08655673521739,23
2017,Primary Industries Exam,22.25274725,-20.89731164,69.0,8.1,1
2017,Retail Services Exam,44.776451166363636,-4.0987389926,70.27272727272727,16.844155843636365,11
2017,Senior Science,39.5890489565,1.8712062845733333,67.35,14.715818681799998,20
2017,Society & Culture,61.36845039333334,6.4979581431,78.66666666666667,23.763333333333332,3
2017,Visual Arts,44.39504014904762,-2.4158883390947365,76.52380952380952,16.329269841428573,21
2018,Ancient History,42.72714907,-1.39786752595,63.2,15.425290598,10
2018,Biology,66.0286844137931,5.490283227996429,71.51724137931035,25.88146551724138,29
2018,Business Services Exam,58.28312667600001,6.5367555576,78.4,21.775000002,5
2018,Business Studies,43.206089377199994,0.6353566652681818,60.68,15.617777777599999,25
2018,Chemistry,64.893383113,0.79653485979,63.5,24.737014926,10
2018,Community & Family Studies,43.13606702814815,-2.552853784472727,68.37037037037037,15.903554131037037,27
2018,Construction Exam,24.713220792222224,6.520891008,65.55555555555556,8.848148147777778,9
2018,Dance,47.628968533333335,-5.314551661,76.33333333333333,17.305148006666666,3
2018,Drama,57.215887949,0.5458812390888892,76.0,21.624404762,10
2018,Electrotechnology Exam,51.75961938499999,4.618318165,72.0,19.6,2
2018,English Advanced,57.278194256,-5.370615572782759,70.73333333333333,21.582126983000002,30
2018,English Extension 1,95.35424354,6.308807035,92.0,40.6,1
2018,English Standard,47.281507906363636,-1.85325867638,65.93939393939394,17.21331168818182,66
2018,Food Technology,45.15555942833333,-2.74091267662,70.83333333333333,16.549857551166667,6
2018,Geography,52.55555399,0.8267657577375,69.125,19.32916666625,8
2018,Hospitality Exam,45.30920092444445,-2.2970633132222225,71.33333333333333,16.325250304444445,9
2018,Human Services Exam,68.087793035,7.9302268565,75.66666666666667,26.435555556666667,6
2018,Industrial Technology,43.29780778166666,-3.8527703081739126,67.43333333333334,15.9986944447,30
2018,Information Processes & Technology,41.744776475,-6.59609606975,61.625,15.329610873625,8
2018,Legal Studies,51.11427659818182,-1.9447803406272728,68.9090909090909,18.623101603636364,11
2018,Mathematics Advanced,62.3085802696,-1.956192173632,63.84,23.570679186000003,25
2018,Mathematics Extension 1,76.6147636775,-2.514826445,60.5,30.25,4
2018,Mathematics Standard 2,44.039963270461534,-2.91261271496625,63.646153846153844,16.037236205061536,65
2018,Metal & Engineering Exam,34.720281985,,69.25,12.553515625,4
2018,Modern History,51.06171876727273,1.8962195467636362,65.63636363636364,18.69953867,11
2018,Music 1,50.47938658,0.8852386434000004,80.16666666666667,18.818646616666665,6
2018,Music 2,69.13198759,6.459137987,81.0,26.71071429,1
2018,PDH&PE,47.81679836517242,-0.1605895375014284,64.6896551724138,17.751609195517243,29
2018,Physics,61.707447263333336,4.902303678283333,63.666666666666664,23.234343435,6
2018,Primary Industries Exam,25.666829502000002,-9.092560084333334,66.6,9.137391303600001,5
2018,Retail Services Exam,45.312756928333336,-2.188972171,70.83333333333333,16.906666666666666,6
2018,Senior Science,47.67965414347827,1.468647428837838,71.3913043478261,17.838031714934782,46
2018,Society & Culture,55.140962495,5.591619324175,74.625,20.72720070375,8
2018,Software Design & Development,49.48542284538462,-3.751624332707692,66.3076923076923,17.95292766923077,13
2018,Visual Arts,46.973494780625,-5.121036140128572,76.4375,17.249791666875,16
2019,Aboriginal Studies,25.11918229,-6.7646259220000005,66.25,8.8821428575,4
2019,Ancient History,56.11606316111111,4.447606760666667,68.88888888888889,20.996296295555556,9
2019,Biology,54.13230769522727,4.269278926821428,62.47727272727273,19.900169665454545,44
2019,Business Services Exam,55.524233086,12.7946232815,77.2,21.0687323944,5
2019,Business Studies,49.215199465714285,-0.8913055921944443,63.666666666666664,18.066536044761907,21
2019,Chemistry,64.42453236545454,1.068682051281818,63.0,24.41262626454545,11
2019,Community & Family Studies,42.902625551521744,-3.22614597146875,70.6086956521739,15.814537815021739,46
2019,Construction Exam,40.2446054075,5.19416503225,72.25,14.81849680175,4
2019,Dance,52.71876272,0.8638689839999998,76.33333333333333,18.952380953333332,3
2019,Design & Technology,36.50939542,-1.787203528,65.0,12.90972222,1
2019,Drama,43.649892118333334,-2.395957519475,71.0,15.435416668333332,6
2019,Electrotechnology Exam,44.40684256666666,-2.7164251633333336,69.0,16.643326509,3
2019,English Advanced,64.13006524800001,2.40658712147,74.15,24.46146875,20
2019,English Standard,47.195986287,1.5723952833458332,64.83333333333333,17.188975694444444,90
2019,English Studies Exam,35.51417562,-44.2866515,57.0,12.5578125,1
2019,Food Technology,36.886563155,-4.524304622814285,67.2,13.185716951400002,10
2019,Geography,65.25863967,7.319740789242857,75.5,25.36577205875,8
2019,Hospitality Exam,33.2878862875,-7.508887714485715,63.75,11.770596591375,8
2019,Human Services Exam,54.821991376666666,2.9475747733333333,68.0,20.59873016,3
2019,Industrial Technology,37.71168015888889,-6.108152117131579,63.77777777777778,13.62783343462963,27
2019,Investigating Science,38.417911796153845,-4.269973042092308,64.53846153846153,13.867907361692307,13
2019,Legal Studies,54.520148297272726,2.741079080772727,67.81818181818181,19.991824537272727,11
2019,Mathematics Advanced,58.683559949285716,-5.173523821721429,59.42857142857143,22.175093057857143,14
2019,Mathematics Extension 1,37.8724160904,-27.843894422400002,28.8,14.359999999000001,5
2019,Mathematics Standard 2,45.45014380357143,-2.829399106180952,64.17142857142858,16.40530612264286,70
2019,Modern History,50.76932475192307,-1.0942169624866667,63.46153846153846,18.606596736500002,26
2019,Music 1,42.9512334825,-6.520488867,77.0,15.5314285725,8
2019,PDH&PE,45.80885075769231,-2.2910767295388887,64.02564102564102,16.50206278769231,39
2019,Physics,67.48081044166666,-0.40433785783333337,66.0,25.756923075,6
2019,Primary Industries Exam,26.30466205666667,-11.7120534996,64.83333333333333,9.3013285025,6
2019,Retail Services Exam,39.263367281428565,-4.216102605333333,67.57142857142857,13.991428571428571,7
2019,Society & Culture,59.18139162999999,7.2549803169375,75.8,22.478792756,10
2019,Software Design & Development,52.518148518333334,7.8290354743999995,64.16666666666667,19.506633500000003,6
2019,Visual Arts,47.56872433344827,-2.4241278642977275,76.65517241379311,17.318390804827587,29
2020,Aboriginal Studies,26.34957298333333,-12.0774852635,67.66666666666667,9.248700116666667,6
2020,Ancient History,43.535702101666665,-7.5875724914000005,61.0,15.643304845000001,6
2020,Automotive Exam,16.89785624,,54.0,5.931147541,1
2020,Biology,59.632038489318184,2.7781631032159093,67.56818181818181,22.099020979318183,44
2020,Business Services Exam,43.25083917571429,2.796472970116667,69.71428571428571,15.86017315957143,7
2020,Business Studies,39.662453058947364,-0.8239229450266667,56.0,14.073108552631581,19
2020,Community & Family Studies,38.968243486458334,-5.5183220215428275,68.14583333333333,13.965029762270833,48
2020,Construction Exam,48.406910442857146,7.147777355500001,78.85714285714286,17.49795918285714,7
2020,Dance,42.735620794999996,-5.1285868858,70.5,15.3875,4
2020,Drama,49.3452432225,-8.373561295750001,76.0,17.6180833325,4
2020,English Advanced,63.43747180785714,-1.2098237070057145,74.0,24.03057692285714,14
2020,English Extension 1,62.0,-10.35264876,56.0,23.03,1
2020,English Standard,45.297198734285715,1.4200294973942307,64.7936507936508,16.24862026888889,63
2020,English Studies Exam,50.98684211,,69.0,18.0,1
2020,Entertainment Industry Exam,57.826674525,5.350851066,79.75,21.489880952500002,4
2020,Food Technology,24.26994302,,58.0,8.51875,1
2020,Geography,49.31622752249999,-1.85833560411,65.75,17.701026119999998,12
2020,Hospitality Exam,56.94458744999999,4.665648587,75.6,21.113445378,5
2020,Human Services Exam,35.61253561,-0.5591377578,64.0,12.5,1
2020,Industrial Technology,33.87578039391304,-3.242051390949231,61.69565217391305,12.426460962695652,23
2020,Information Processes & Technology,42.15800251444445,0.6406997585166666,59.77777777777778,15.832804234444446,9
2020,Japanese Beginners,35.41106012,-6.545583634,49.0,12.469403712666667,3
2020,Legal Studies,52.85016602,0.988565037014286,68.57142857142857,19.10334044142857,7
2020,Mathematics Advanced,52.356086768750004,-7.867261148475,55.625,19.08663194375,8
2020,Mathematics Extension 1,71.55284148,-4.061223877,52.0,27.45294118,1
2020,Mathematics Standard 1 Exam,31.930907516666668,4.673355390000001,69.33333333333333,11.427777778666666,3
2020,Mathematics Standard 2,48.75733990086957,1.4567054045697676,62.58695652173913,17.733216010869565,46
2020,Modern History,44.42915942666667,0.73718699334,55.80952380952381,15.925707625428572,21
2020,Music 1,60.69598934142857,17.2278582922,83.42857142857143,23.169588745714286,7
2020,PDH&PE,44.273264868666665,-4.7035988043125,62.6,15.750979166666667,30
2020,Physics,85.927360705,1.1286020077,80.0,35.195,2
2020,Primary Industries Exam,29.5751634,-14.699190595,64.5,10.380882353,2
2020,Retail Services Exam,40.17094017,-4.5402613665,69.0,14.100000000000001,3
2020,Society & Culture,48.35086013833333,1.3277950950090909,69.16666666666667,17.563346746666667,12
2020,Software Design & Development,50.64476543400001,1.9037202958,63.2,18.749393939999997,5
2020,Visual Arts,44.52075855192308,-1.1078691233333333,76.42307692307692,16.028807858461537,26
2021,Aboriginal Studies,78.03921569,4.033246909,86.0,30.35,1
2021,Ancient History,35.719619387142856,-3.23784501424,51.714285714285715,12.344700461142859,7
2021,Biology,56.00926337166666,7.5559985428416665,66.41666666666667,20.175097725,12
2021,Business Services Exam,38.50815594625,2.687560348142857,67.375,13.309375,8
2021,Business Studies,41.629362664,-1.3271151250222222,59.84,14.47242424336,25
2021,Chemistry,58.95798941,-1.80322086,57.333333333333336,21.282828283333334,6
2021,Community & Family Studies,40.776033894347826,-3.7788565149149997,70.73913043478261,14.390025575434782,23
2021,Construction Exam,36.530671295,,74.5,12.625,2
2021,Earth & Environmental Science,50.294485008461535,-0.4906488538333334,67.46153846153847,18.069099276923076,13
2021,Electrotechnology Exam,33.452807655,-6.879198617,56.0,11.561290325,2
2021,English Advanced,59.36124796785714,-0.0037539532285713845,72.57142857142857,21.661275390714284,14
2021,English Standard,44.777578385384615,-0.7407182235571428,63.44615384615385,15.854088218584614,65
2021,English Studies Exam,35.951967589999995,-2.5363637595,57.75,12.424999999999999,4
2021,Entertainment Industry Exam,46.581941604,9.692066048,74.0,16.722702702,5
2021,Geography,45.454474941818184,2.930178800327273,62.63636363636363,15.784321474545454,11
2021,Hospitality Exam,46.703417503,-1.4480277449999992,71.4,16.549807082,10
2021,Industrial Technology,40.627602613,-1.8617101856153846,66.45,14.274236273349999,20
2021,Japanese Beginners,47.556611970000006,-1.1381956612,62.333333333333336,16.894121541666667,6
2021,Legal Studies,47.006360925,2.955220384125,63.0,16.5651534,8
2021,Mathematics Advanced,55.14382577222222,0.937889341222222,55.666666666666664,19.77856024888889,9
2021,Mathematics Extension 1,27.87990196,-27.646647455,18.0,9.635294118500001,2
2021,Mathematics Standard 1 Exam,27.458455715,-13.808902714666667,65.75,9.66612183075,8
2021,Mathematics Standard 2,43.196768158727274,-5.494301303110416,57.127272727272725,15.348919936672727,55
2021,Modern History,46.95058287208334,-2.5501689816630435,59.166666666666664,16.5429202275,24
2021,Music 1,52.66775888714285,6.567724310859999,80.0,19.642996777142855,7
2021,PDH&PE,56.273350163529415,1.6832773119352942,69.20588235294117,20.649242081764704,34
2021,Physics,58.44714860833333,2.8927157423166663,60.666666666666664,21.05490196,6
2021,Primary Industries Exam,28.85278281,-20.53461174,64.25,9.97152173925,4
2021,Retail Services Exam,67.21379802,,75.0,25.450000000000003,2
2021,Society & Culture,47.2592222921,-2.65789766885,66.0,16.8110915494,10
2021,Software Design & Development,51.26832642333333,-0.41028568666666665,66.66666666666667,17.913636363333335,3
2021,Spanish Continuers,77.05882353,19.03079091,82.0,29.85,1
2021,Textiles & Design,37.387331142,-14.354498975666667,67.4,12.921061642999998,5
2021,Visual Arts,44.871396930416665,-0.8583304802299999,73.75,15.863345865,24
2022,Aboriginal Studies,28.427249632000002,-11.918856458,68.0,9.32290909,5
2022,Ancient History,49.770194438888886,2.0622092363833335,63.5,17.628877314444445,18
2022,Biology,61.05111517727273,5.418585183895455,64.36363636363636,21.63878787878788,33
2022,Business Services Exam,55.98866980666667,2.5020808648333333,74.33333333333333,20.28711484333333,3
2022,Business Studies,44.5624111,1.1350803831647058,61.36842105263158,14.858054225789473,19
2022,Chemistry,58.524229802499995,-1.9090528162624998,52.75,20.91848290425,8
2022,Community & Family Studies,43.5599673468,1.4320866323941175,70.48,15.07355486532,25
2022,Construction Exam,39.02329690428571,,72.71428571428571,12.837142856571429,7
2022,Dance,63.16666667,-0.8847222208,82.0,22.56,1
2022,Drama,61.880073455,-2.0080505165,80.5,21.94375,2
2022,Earth & Environmental Science,50.971611279166666,5.0093268295,66.75,17.788656715833334,12
2022,English Advanced,61.87490478227273,-0.7496169552857143,73.04545454545455,22.253484848181817,22
2022,English Extension 1,86.18333333,22.295209364999998,82.0,34.6,2
2022,English Standard,38.50956334683333,-6.102890129673077,61.61666666666667,13.022273504,60
2022,English Studies Exam,30.835380825999998,-6.098382924,59.0,10.039999998,5
2022,Entertainment Industry Exam,39.996672805,7.601815667,66.5,13.022916665,2
2022,Food Technology,27.753552754444442,-6.814833178,59.888888888888886,9.036556776333335,9
2022,Geography,53.72370574999999,-5.21041953575,67.25,18.19293478,4
2022,History Extension,65.1939643,3.80256472234,60.0,24.90810811,2
2022,Hospitality Exam,41.190685300999995,-0.009247358000000046,70.8,13.701571428,10
2022,Industrial Technology,42.38522104428572,-3.37548938124,66.71428571428571,14.229478458,7
2022,Investigating Science,40.371485609000004,-2.7006405977999997,66.5,13.352428570999999,10
2022,Japanese Beginners,32.086786323333335,-11.174329411,44.666666666666664,10.447457625666667,3
2022,Japanese Continuers,43.81784174,1.1567089883999992,43.0,15.4535,5
2022,Legal Studies,52.00836515461538,-2.1953908852727273,63.61538461538461,17.849802164615383,13
2022,Mathematics Advanced,61.49787276545454,-4.07731252185,60.45454545454545,22.023809523636363,11
2022,Mathematics Extension 1,68.33034665800001,-5.557081340240001,47.2,25.474117646000003,5
2022,Mathematics Extension 2,44.86454158,-32.13242568,26.0,14.60789474,1
2022,Mathematics Standard 1 Exam,26.734714826666664,-3.642048083,61.333333333333336,8.758585858666667,3
2022,Mathematics Standard 2,45.441813727413795,-1.6240590692018517,61.43103448275862,15.190300951396553,58
2022,Modern History,55.049757590000006,1.4611529008210524,64.0909090909091,19.222735752727274,22
2022,Music 1,68.11269841333333,8.780600602749999,86.33333333333333,25.248095236666668,6
2022,PDH&PE,49.412027570588236,5.411219185769231,61.88235294117647,16.669166399411765,17
2022,Physics,73.02950684545455,-2.57499343205,70.54545454545455,27.584343434545453,11
2022,Primary Industries Exam,25.37122102,-4.044871603,60.0,8.260869565,1
2022,Retail Services Exam,24.64488636,-20.241299305,63.5,8.024375000000001,2
2022,Science Extension,69.07571747,9.25257212825,59.0,25.656666667499998,4
2022,Society & Culture,53.77121951,2.3032986057925,71.0,18.76178571375,8
2022,Textiles & Design,48.33398983,-4.6070542654,70.2,16.727962439800002,5
2022,Visual Arts,43.270741492727275,-3.9312832758777776,75.9090909090909,14.298701298181818,11
2023,Aboriginal Studies,44.415156868000004,-0.920356969275,75.6,15.391111110599999,5
2023,Biology,64.56210778227272,4.954717063472,70.25,23.75079816068182,44
2023,Business Services Exam,34.838337947499994,0.3554402569999997,63.75,11.447877849,4
2023,Business Studies,41.053596365882356,-4.39616228944,59.470588235294116,13.607189543235293,17
2023,Chemistry,68.62002097181818,3.5710335143909093,64.0,25.651315956363636,11
2023,Community & Family Studies,49.059630798,1.6711975122722218,72.64,17.44639215632,25
2023,Construction Exam,30.347861057777777,-11.49859497,71.0,10.025672554888889,9
2023,Dance,47.011722305,-14.14120561,76.5,15.44805195,2
2023,Design & Technology,41.4084667725,-17.22793777,65.25,13.6068221825,4
2023,Drama,64.022243355,-10.80368737,81.5,23.242857145000002,2
2023,Earth & Environmental Science,51.86642475631579,0.22620701022428577,66.42105263157895,18.50061403473684,19
2023,Engineering Studies,68.12008897222222,1.0707982570874999,73.33333333333333,25.299999999999997,9
2023,English Advanced,69.64740048133334,-1.1540234406333334,76.53333333333333,26.062,15
2023,English EALD,50.64853556,2.805796374,68.0,16.74,1
2023,English Extension 1,84.82536765,17.01693908,82.0,33.925,1
2023,English Standard,45.47393449854839,-4.8575921461125,66.24193548387096,15.442096774193548,62
2023,English Studies Exam,17.95496044,,54.0,5.9,1
2023,Food Technology,52.519564355,9.290311663,74.25,19.051325757625,8
2023,Geography,44.57154409857143,0.3789444625666667,58.714285714285715,14.78324231,7
2023,Hospitality Exam,37.8511723275,3.4246527647000002,66.75,12.75797101575,4
2023,Human Services Exam,48.736359862,2.3847367326,69.2,17.16556219,5
2023,Industrial Technology,40.650588671481486,-4.566811060005882,66.62962962962963,14.255423280740741,27
2023,Investigating Science,48.81381523727273,-4.254901745085454,72.63636363636364,17.251448307272728,11
2023,Japanese Continuers,61.23985686333333,-1.5831863183333332,63.333333333333336,22.181481483333332,3
2023,Japanese Extension,70.40965545,-2.165071256,62.0,26.38974359,1
2023,Legal Studies,45.630174069999995,1.2597624983090911,62.61538461538461,15.006096441538462,13
2023,Mathematics Advanced,60.336625868000006,-3.9587338286142857,59.93333333333333,21.723058200666667,15
2023,Mathematics Extension 1,67.86955455666666,-5.022161135555555,48.0,25.907376283111113,9
2023,Mathematics Extension 2,84.35340998333334,1.8423150848000003,59.666666666666664,33.68026315666667,3
2023,Mathematics Standard 1 Exam,26.103763223333335,-14.603043711,66.0,8.946717172000001,6
2023,Mathematics Standard 2,44.5820331118,-5.245914911611111,60.28,15.27654444444,50
2023,Modern History,47.92831275769231,2.6416821845636362,58.69230769230769,16.216923076923077,13
2023,Music 1,57.67595751333334,6.018376755000001,83.33333333333333,20.502222223333334,3
2023,PDH&PE,50.46535086318182,1.192178769895,68.0909090909091,17.413188705909093,22
2023,Physics,63.71631048857143,7.071051145428571,63.0,23.09381663,7
2023,Retail Services Exam,38.927444245000004,1.476453155,69.0,12.9952380935,2
2023,Science Extension,77.198239196,1.795321916,72.0,29.915047620000003,5
2023,Society & Culture,50.47111353571428,2.6019539081666667,70.0,17.308105778571427,7
2023,Software Design & Development,64.472919205,1.2788594732499998,70.375,23.68838383625,8
2023,Visual Arts,53.895967625625,4.740369128999999,80.625,19.040662879375,16
